{
  "best_model": "rf",
  "acc": 0.9020899424274468,
  "f1": 0.7747994257241787,
  "auc": 0.9592008232426553,
  "precision": 0.7270191454291872,
  "recall": 0.8293018042448567
}