{
  "acc": 0.9015905886499824,
  "f1": 0.7740173015632115,
  "auc": 0.9586504678947054,
  "precision": 0.7252559726962458,
  "recall": 0.8298080052066384
}